{"data":[{"id":2,"name":"AutoStart","column":"dev","description":"AutoStart","zoneType":"Intersection","enabled":true,"maxOccupants":null,"tags":[]},{"id":37,"name":"BATT_E_spacing_Minomi_east_dispatch","column":"G15","description":"BATT_E spacing Minomi east dispatch","zoneType":"Intersection","enabled":true,"maxOccupants":null,"tags":[]},{"id":55,"name":"BATT_E_x_BATT_F _COWL_F_merge_COWL_E","column":"J20","description":"BATT_E x BATT_F, COWL_F merge COWL_E","zoneType":"Intersection","enabled":true,"maxOccupants":null,"tags":[]},{"id":58,"name":"BATT_F_stage_f1p4","column":"J21","description":"BATT_F stage f1p4","zoneType":"Intersection","enabled":true,"maxOccupants":null,"tags":[]},{"id":16,"name":"Battery_Carpet","column":"","description":"","zoneType":"Staging","enabled":true,"maxOccupants":0,"tags":[]},{"id":14,"name":"Cowl_#1","column":"","description":"","zoneType":"Staging","enabled":true,"maxOccupants":1,"tags":[]},{"id":18,"name":"Cowl_#2","column":"","description":"","zoneType":"Staging","enabled":true,"maxOccupants":10,"tags":[]},{"id":36,"name":"COWL_E_spacing_Minomi_east_dispatch","column":"G15","description":"COWL_E spacing Minomi east dispatch","zoneType":"Intersection","enabled":true,"maxOccupants":null,"tags":[]},{"id":30,"name":"COWL_E_staging_@_pick_start","column":"E12","description":"COWL_E staging @ pick start","zoneType":"Intersection","enabled":true,"maxOccupants":null,"tags":[]},{"id":56,"name":"COWL_F_merge_BATT_F_after_staging","column":"J21","description":"COWL_F merge BATT_F after staging","zoneType":"Intersection","enabled":true,"maxOccupants":null,"tags":[]},{"id":57,"name":"COWL_F_stage_f1p7","column":"J21","description":"COWL_F stage f1p7","zoneType":"Intersection","enabled":true,"maxOccupants":null,"tags":[]},{"id":28,"name":"COWL_F_x_BATT_E_x_F1_F_x_COWL_E_x_GLASS_E","column":"E11","description":"COWL_F x BATT_E x F1_F x COWL_E x GLASS_E","zoneType":"Intersection","enabled":true,"maxOccupants":null,"tags":[]},{"id":38,"name":"D_STREET_E_STREET_merge_1_lane","column":"G15","description":"D_STREET E_STREET merge 1 lane","zoneType":"Intersection","enabled":true,"maxOccupants":null,"tags":[]},{"id":1,"name":"Dev_Track_Minomi","column":"dev E12A","description":"Dev Track Minomi","zoneType":"Intersection","enabled":true,"maxOccupants":null,"tags":[]},{"id":33,"name":"East_Minomi_Entrance_COWL_E_x_BATT_E","column":"E15","description":"East Minomi Entrance COWL_E x BATT_E","zoneType":"Intersection","enabled":true,"maxOccupants":null,"tags":[]},{"id":67,"name":"E-STREET_spacing_at_merge","column":"G16","description":"E-STREET spacing at merge","zoneType":"Intersection","enabled":true,"maxOccupants":null,"tags":[]},{"id":39,"name":"F_STREET_merge_1_lane","column":"G15","description":"F_STREET merge 1 lane","zoneType":"Intersection","enabled":true,"maxOccupants":null,"tags":[]},{"id":12,"name":"F1/F2_SPS_Prestaging","column":"","description":"","zoneType":"Staging","enabled":true,"maxOccupants":1,"tags":[]},{"id":10,"name":"F1/F2_SPS_to_Line","column":"","description":"","zoneType":"Staging","enabled":true,"maxOccupants":3,"tags":[]},{"id":22,"name":"F1_entrance_skillet_crossing","column":"J17","description":"F1 entrance skillet crossing","zoneType":"Intersection","enabled":true,"maxOccupants":null,"tags":[]}]}